id,name,age,salary
1,Kelly Washington,38,3664
2,Kathryn Lee,22,8635
3,Adam Knapp Jr.,26,6938
4,Casey Butler,50,9597
5,Richard James,23,6596
6,Trevor Murphy,45,7415
7,Sean Johnson,40,6043
8,Kimberly Smith,21,9450
9,James Maldonado,40,9131
10,bad_row
11,Michael Jones,50,7955
12,Theresa Ellis,20,8891
13,Sandra Wright,24,5894
14,Tanya Sanchez,30,6105
15,Mathew Ayala,41,3943
16,Nathan Costa,45,7128
17,Destiny Williams,40,5374
18,Mary Brennan,44,5393
19,Courtney Wilson,28,4304
20,bad_row
21,Sharon Lopez,22,7470
22,Jacqueline Robinson,46,4211
23,Christine Hull,39,8473
24,Michael Frank,38,7423
25,Brandon Rivera Jr.,35,5352
26,Brittany Villanueva,35,7278
27,Bradley Davis DDS,49,9291
28,James Ward,22,4233
29,Dominic Jackson,25,9753
30,bad_row
31,David Patel,44,5367
32,Jeffrey Wood,36,8092
33,Christopher Ortiz,45,3347
34,Angela Brown,30,6108
35,Justin Howell,35,3330
36,Amy White,36,6560
37,Austin Hernandez,34,3215
38,Ann Blackburn,21,7908
39,Cory Walker,21,3022
40,bad_row
41,Ricardo Garza,41,5140
42,William Stephenson,48,5012
43,Sonia Bishop,32,5829
44,Wendy Fuller,40,5797
45,Shawn Jackson,22,5961
46,Amy Burke,43,7226
47,Lisa Mitchell PhD,28,7342
48,John Fleming,24,6319
49,Christopher Arnold,32,7612
50,bad_row
51,Michelle Shaw,23,4931
52,Heather Johnson,33,4222
53,Martin Hopkins,45,5207
54,Timothy Hanson,36,4866
55,James Montoya,30,6027
56,Samantha Holt,41,3401
57,Amy Price,31,5540
58,Lonnie Young,46,4394
59,Jeff Delgado,45,7725
60,bad_row
61,William Brown,32,8976
62,Jill Jones,21,7526
63,Miss Anna Sanchez,42,3322
64,Craig Elliott,40,6848
65,Lindsey Carlson,21,6331
66,Catherine Cross,26,4969
67,Jennifer Holden,33,7932
68,Carla Martin,47,8031
69,Jeffrey Rivera,37,6768
70,bad_row
71,Daniel Mueller,39,5908
72,Christopher Garcia,45,3139
73,Timothy Anderson,44,8115
74,Zachary Lopez,44,8212
75,Tina Holmes,50,7307
76,Casey Saunders,25,4030
77,Christopher Morales,22,3497
78,Robert Powell,28,9569
79,Jimmy Kelly,21,4002
80,bad_row
81,Melissa Banks,47,6208
82,Jessica Smith,28,9839
83,Robert Blake,36,4017
84,Alicia Poole,48,7553
85,Derrick Payne,49,7335
86,Kevin Mosley,43,3040
87,Jamie Lowe,28,8124
88,Andrew Chavez,43,5118
89,Scott Simmons,50,8273
90,bad_row
91,Paul Smith,25,7484
92,Erica Anderson,50,6880
93,Mary Curry,35,5039
94,Maria Hernandez,36,4588
95,Christine Strickland,32,8883
96,Morgan Rodriguez,44,4537
97,John Sandoval,36,8306
98,John Santiago,22,6274
99,Holly Ayala,28,4984
100,bad_row
101,Mary Higgins,24,8513
102,Jane Jones,22,4159
103,Crystal Parker,42,6277
104,Mrs. Erica May,39,8553
105,Amber Mayer,29,8947
106,Ashley Mcdonald,25,7273
107,John Lewis,38,8285
108,Linda Davis,41,8463
109,Joshua Nash,43,5519
110,bad_row
111,Corey Patel,33,5437
112,Adam Roberts,25,3169
113,Johnny Huber,27,6438
114,Rebecca Henderson,44,8873
115,Emily Myers,24,6016
116,Austin Schmidt,43,8941
117,Michael Chambers,47,7328
118,Paige Palmer,33,4752
119,Matthew Miller,23,5536
120,bad_row
121,Gregory Stewart,50,9375
122,Daniel House,28,3673
123,Carla Wilson,34,3334
124,Robert Villanueva,46,6196
125,Laura Miller,29,8174
126,Regina Thomas,32,4283
127,Jennifer Gardner,31,9146
128,Mrs. Regina Gonzalez,31,9206
129,Rita Wilson,29,3346
130,bad_row
131,Eileen Jones,25,6303
132,Mark Brooks,45,4876
133,Joseph Pope,43,8535
134,Daniel Grant,31,5784
135,Melissa Douglas,37,8596
136,Dalton Everett,25,5407
137,Peggy Atkins,26,8973
138,Sara Haney,20,8477
139,Juan Lynch,22,6848
140,bad_row
141,Kayla Chung,32,5520
142,Angela Martinez,33,9488
143,Katelyn Douglas,28,5380
144,Jonathan Garcia,36,7716
145,Christopher Mueller,50,9674
146,Lori Rodriguez,36,7138
147,Laura Porter,49,3184
148,Dr. Sara Owens,44,4850
149,Cassandra Pineda,43,3892
150,bad_row
151,Kevin Nunez,31,4977
152,Nicolas Barber,37,8713
153,Eric Walton,36,7249
154,Roberta Everett,25,9802
155,Erica Adkins,28,5716
156,Ashley Browning,43,4099
157,Daniel Elliott,34,7997
158,Michael Smith,46,8711
159,Wendy Acosta,21,8518
160,bad_row
161,Ms. Jessica Williams DDS,42,5784
162,Randall Hernandez,21,5373
163,Ellen Roy,41,8235
164,Kathy Martin,21,9987
165,Toni Robinson,29,4956
166,James Atkinson,26,4770
167,Jill Mcdaniel,26,9267
168,Theresa Collins,46,5908
169,Norma Rios,26,9787
170,bad_row
171,Timothy Crawford,36,5111
172,Maria Horton,38,5581
173,Elizabeth Wilson,48,8807
174,Theresa Macdonald,23,6233
175,Shelby Hutchinson,43,4817
176,James Frey,45,4158
177,Timothy Frye,45,3837
178,Curtis Horton,22,3774
179,Logan Galvan,42,7914
180,bad_row
181,Brandon Baldwin,34,7310
182,Kelly Gordon,34,8908
183,Lee Miller DVM,48,9450
184,Glenn Armstrong,23,7459
185,Jeffrey Macias,21,7968
186,Suzanne Rasmussen,26,4975
187,Amanda Johnson,38,3748
188,Felicia Blankenship,40,8560
189,Ian Warner,26,7035
190,bad_row
191,Daniel Taylor,26,4103
192,Anthony Grant,32,8275
193,Andrea Chen,30,4849
194,Pamela Ford,21,6331
195,Megan Riggs,47,3284
196,Christine Medina,43,3629
197,Carl Graham,50,3687
198,Lindsey Rojas,49,9144
199,Amy Cordova,39,9237
